100.90100000000001,-469.61400000000003
104.069,-274.526
107.23700000000001,-268.835
110.40299999999999,-297.801
113.568,-284.764
116.73200000000001,-330.088
119.895,-213.235
123.056,-251.613
126.21700000000001,-26.5728
129.377,92.5195
132.533,-114.00200000000001
135.691,-37.0698
138.847,-1.6084
142.0,-69.6494
145.155,29.3604
148.306,-55.2041
151.458,28.7266
154.609,-44.6982
157.757,-7.01465
160.904,8.452639999999999
164.05200000000002,-133.689
167.197,29.2886
170.342,-77.3076
173.485,-16.6387
176.627,9.59473
179.767,41.0112
182.90900000000002,-116.40100000000001
186.047,55.8076
189.18400000000003,33.1045
192.321,69.5498
195.456,31.7524
198.59,101.035
201.72299999999998,102.743
204.855,17.8486
207.986,156.19799999999998
211.11599999999999,86.8008
214.245,80.7793
217.373,4.31543
220.497,108.55799999999999
223.623,-7.24805
226.748,103.755
229.86900000000003,48.8018
232.99200000000002,-3.0268599999999997
236.114,60.5034
239.232,93.7114
242.351,73.6338
245.468,-19.2363
248.585,44.8252
251.699,80.3179
254.81400000000002,-84.8906
257.926,32.0142
261.038,-24.7476
264.15,17.1851
267.259,76.4199
270.366,3.4116199999999997
273.473,67.6709
276.579,40.9248
279.686,3.00977
282.79,8.79883
285.893,45.2988
288.994,130.078
292.095,-22.5693
295.194,54.4517
298.291,52.0562
301.388,22.6606
304.485,5.11963
307.58,-52.2461
310.675,39.1333
313.76599999999996,-33.2319
316.858,-32.3579
319.95,23.5171
323.038,-43.2988
326.127,-3.36865
329.213,76.3218
332.3,-98.4785
335.384,112.39299999999999
338.47,28.4243
341.55199999999996,121.292
344.63300000000004,-18.0195
347.712,86.9614
350.793,-24.7607
353.871,-12.2676
356.94800000000004,146.616
360.024,77.4111
363.099,78.0674
366.173,53.7139
369.245,4.51611
372.31699999999995,-29.3569
375.38800000000003,108.8
378.458,-5.33594
381.526,133.032
384.594,-64.2651
387.66,123.475
390.724,19.5205
393.789,48.3135
396.852,73.0156
399.913,48.8052
402.974,42.1895
406.033,177.855
409.092,75.4009
412.148,49.4292
415.20599999999996,142.798
418.26,75.0972
421.316,67.4512
424.36800000000005,7.2119100000000005
427.41900000000004,132.481
430.47,73.3662
433.52099999999996,58.3228
436.569,127.978
439.61699999999996,18.4946
442.663,35.873000000000005
445.708,107.024
448.75199999999995,32.8574
451.796,-15.5249
454.838,41.2671
457.87699999999995,55.228
460.917,-40.1743
463.95599999999996,65.4429
466.995,66.8584
470.03,34.8364
473.066,56.6021
476.101,94.3311
479.13300000000004,-1.83447
482.166,147.159
485.19699999999995,44.082
488.228,129.648
491.256,84.5151
494.283,86.1812
497.311,-2.65088
500.336,92.3359
503.36,22.3369
506.38300000000004,28.5801
509.408,86.0483
512.429,109.43799999999999
515.4490000000001,83.7681
518.4680000000001,88.1797
521.486,90.4697
524.503,-15.0615
527.5169999999999,8.7168
530.5319999999999,143.877
533.5459999999999,21.5464
536.56,79.6089
539.572,66.6475
542.581,1.9296900000000001
545.591,73.9297
548.5980000000001,69.8774
551.606,-0.8188479999999999
554.612,136.694
557.618,90.5869
560.621,-36.8823
563.625,66.23100000000001
566.626,119.11399999999999
569.627,56.9297
572.626,39.8579
575.626,55.5024
578.623,72.4316
581.62,1.36865
584.615,35.8071
587.609,54.3882
590.602,17.8691
593.595,-6.90234
596.586,8.148439999999999
599.5740000000001,-36.4688
602.564,-82.0186
605.552,47.0337
608.54,-37.4966
611.524,8.993160000000001
614.509,105.321
617.492,-19.3896
620.475,-7.6127899999999995
623.456,-90.9824
626.437,49.481
629.4159999999999,60.3096
632.394,141.609
635.372,-53.3184
638.3480000000001,52.25
641.322,15.1772
644.2959999999999,13.4941
647.269,43.4546
650.24,53.2705
653.211,-51.7563
656.181,38.9346
659.15,28.6895
662.118,57.6719
665.085,-36.7427
668.05,14.2124
671.013,-25.4668
673.977,-1.2192399999999999
676.94,-36.2632
679.9,56.3477
682.8610000000001,-106.671
685.819,-7.17285
688.779,45.8584
691.735,10.3281
694.69,5.88623
697.6460000000001,58.4194
700.5989999999999,-54.6108
703.552,-62.8062
706.503,-0.34375
709.453,-27.166
712.403,-14.606
715.3510000000001,-19.2759
718.299,107.054
721.245,-16.1953
724.191,137.869
727.135,31.9067
730.079,66.291
733.02,16.4546
735.961,92.5146
738.9019999999999,3.00146
741.84,1.51025
744.779,4.16406
747.715,94.83200000000001
750.6519999999999,-65.8813
753.586,-2.0166
756.5189999999999,12.4097
759.453,-66.3828
762.3839999999999,-20.9595
765.314,-50.2192
768.243,-29.8013
771.172,-89.66799999999999
774.0989999999999,-38.1606
777.025,-37.5532
779.951,-30.581999999999997
782.875,-92.7188
785.799,-54.9653
788.721,-73.8237
791.6410000000001,-91.2358
794.562,-113.544
797.4810000000001,-71.9434
800.398,-60.5625
803.316,-64.1084
806.2310000000001,-124.221
809.145,-14.5825
812.06,-20.8306
814.972,-24.3423
817.883,25.5142
820.795,-34.3384
823.704,19.1792
826.613,-38.3442
829.52,-21.498
832.427,-44.3052
835.332,-21.6055
838.237,16.0444
841.14,-47.022
844.041,17.2388
846.943,-32.4683
849.8439999999999,26.519000000000002
852.743,-1.32617
855.64,17.041
858.538,7.37695
861.434,10.8096
864.33,48.7461
867.2230000000001,-34.6494
870.115,-59.6782
873.008,-63.0879
875.8989999999999,30.4536
878.788,11.9849
881.677,-18.7319
884.565,11.5576
887.451,15.4077
890.337,91.7544
893.222,11.1377
896.1060000000001,44.5293
898.9889999999999,71.1792
901.8689999999999,30.1416
904.75,7.5083
907.63,-52.9717
910.508,72.1626
913.3860000000001,-13.6416
916.2610000000001,22.3252
919.138,61.4248
922.012,-9.297360000000001
924.8839999999999,17.7603
927.758,42.8281
930.6289999999999,45.8535
933.4989999999999,-14.4155
936.368,102.00399999999999
939.2360000000001,107.014
942.1030000000001,-16.4824
944.9689999999999,26.3569
947.835,23.0454
950.699,-101.32700000000001
953.562,-84.2983
956.423,-57.4692
959.285,-36.7051
962.145,-56.4707
965.003,10.3545
967.862,56.085
970.7180000000001,59.2964
973.575,39.8169
976.43,60.4238
979.283,24.1719
982.135,81.2168
984.987,138.214
987.8389999999999,7.0556600000000005
990.689,84.7998
993.538,31.748
996.385,102.875
999.23,118.311
1002.08,140.438
1004.92,111.31299999999999
1007.77,159.076
1010.61,109.76299999999999
1013.45,154.937
1016.29,196.363
1019.13,193.495
1021.97,193.93599999999998
1024.81,285.948
1027.64,196.487
1030.48,213.533
1033.31,243.40200000000002
1036.15,356.24199999999996
1038.98,367.57800000000003
1041.81,393.559
1044.64,403.12300000000005
1047.47,499.976
1050.3,594.016
1053.12,992.635
1055.95,1679.21
1058.78,2750.11
1061.6,3635.94
1064.42,3568.63
1067.25,2733.0
1070.07,1693.45
1072.89,1154.36
1075.71,994.304
1078.53,877.735
1081.34,917.829
1084.16,916.367
1086.97,777.904
1089.79,848.0930000000001
1092.6,702.461
1095.41,619.114
1098.23,552.6419999999999
1101.04,517.02
1103.85,436.837
1106.65,378.548
1109.46,438.142
1112.27,451.57199999999995
1115.07,657.0880000000001
1117.88,717.1610000000001
1120.68,1146.2
1123.48,1851.28
1126.28,2749.9
1129.08,3132.2
1131.88,2634.45
1134.68,1969.59
1137.48,1173.05
1140.27,705.9110000000001
1143.07,545.594
1145.86,436.212
1148.66,270.181
1151.45,319.009
1154.24,273.728
1157.03,177.355
1159.82,178.207
1162.61,264.059
1165.39,401.582
1168.18,626.154
1170.97,612.254
1173.75,465.746
1176.53,327.69699999999995
1179.32,185.271
1182.1,89.5723
1184.88,61.1572
1187.66,40.8086
1190.43,42.0444
1193.21,117.47200000000001
1195.99,-4.78369
1198.76,-19.5459
1201.54,20.9336
1204.31,-44.4482
1207.08,57.2192
1209.85,-31.728
1212.63,-16.1855
1215.39,-47.0254
1218.16,15.7388
1220.93,21.2891
1223.7,44.0854
1226.46,47.7656
1229.23,-12.2617
1231.99,-27.938000000000002
1234.75,-39.5024
1237.51,20.0752
1240.27,-3.6054699999999995
1243.03,-8.230960000000001
1245.79,34.3193
1248.55,97.355
1251.31,-27.1875
1254.06,123.34100000000001
1256.82,82.4722
1259.57,129.761
1262.32,189.22400000000002
1265.07,264.797
1267.82,218.87400000000002
1270.57,367.911
1273.32,357.538
1276.07,469.028
1278.82,448.798
1281.56,691.328
1284.31,737.6060000000001
1287.05,1193.16
1289.79,2608.09
1292.54,4655.37
1295.28,5817.42
1298.02,5243.83
1300.75,3737.9
1303.49,2188.24
1306.23,1673.06
1308.97,1288.12
1311.7,1067.06
1314.43,947.868
1317.17,795.3989999999999
1319.9,639.161
1322.63,561.615
1325.36,402.963
1328.09,353.213
1330.82,150.16299999999998
1333.54,251.666
1336.27,129.892
1339.0,70.3164
1341.72,138.778
1344.44,76.1592
1347.17,114.684
1349.89,69.4072
1352.61,73.7349
1355.33,114.288
1358.04,203.06099999999998
1360.76,140.304
1363.48,198.407
1366.19,351.163
1368.91,405.82599999999996
1371.62,374.231
1374.33,246.517
1377.05,81.5894
1379.76,20.2651
1382.47,32.2813
1385.17,-35.0591
1387.88,-37.6274
1390.59,-45.0479
1393.29,-122.829
1396.0,-13.9321
1398.7,-26.4004
1401.41,-56.8379
1404.11,6.50537
1406.81,61.376999999999995
1409.51,225.305
1412.21,756.3760000000001
1414.91,1261.98
1417.6,1669.6
1420.3,1642.29
1422.99,1475.24
1425.69,1419.06
1428.38,1700.08
1431.07,2305.09
1433.76,3375.34
1436.45,4395.78
1439.14,5086.93
1441.83,5115.96
1444.52,4547.75
1447.21,3676.62
1449.89,3301.93
1452.58,3184.43
1455.26,3186.54
1457.94,3103.01
1460.62,3051.44
1463.3,2900.62
1465.99,2623.85
1468.66,2200.4
1471.34,1723.16
1474.02,1201.95
1476.7,913.697
1479.37,594.436
1482.04,465.31300000000005
1484.72,244.002
1487.39,225.71
1490.06,99.8711
1492.73,93.3281
1495.4,106.197
1498.07,-25.7568
1500.74,-49.1816
1503.4,38.2661
1506.07,-70.8872
1508.73,-39.9888
1511.39,-192.213
1514.06,-69.1045
1516.72,-51.8423
1519.38,-123.36200000000001
1522.04,-61.2456
1524.7,-137.91299999999998
1527.36,-178.799
1530.01,-79.9253
1532.67,-126.82700000000001
1535.32,-86.4336
1537.98,-75.4131
1540.63,-107.189
1543.28,-69.1587
1545.93,-97.8643
1548.58,-118.34700000000001
1551.23,-84.8467
1553.88,-96.2432
1556.53,-81.5151
1559.18,-97.8159
1561.82,-73.249
1564.47,-73.5352
1567.11,-90.1982
1569.75,-182.69299999999998
1572.4,-67.7397
1575.04,-98.4072
1577.68,-64.2339
1580.31,-133.464
1582.95,-80.458
1585.59,-78.1504
1588.23,-68.9966
1590.86,-126.791
1593.5,-83.9072
1596.13,-95.3193
1598.76,-99.3306
1601.39,-114.18799999999999
1604.02,-74.3667
1606.65,-31.7129
1609.28,-32.748000000000005
1611.91,51.7241
1614.53,164.405
1617.16,144.35399999999998
1619.79,110.01
1622.41,25.4302
1625.03,-32.7632
1627.65,-69.2715
1630.28,-68.999
1632.9,-91.3569
1635.52,-121.601
1638.13,-49.5835
1640.75,-145.184
1643.37,-94.8472
1645.98,-65.5039
1648.6,-131.779
1651.21,-124.545
1653.82,-90.4653
1656.44,-102.95299999999999
1659.05,-147.721
1661.66,-79.5093
1664.27,-97.1372
1666.87,-95.1406
1669.48,-80.7734
1672.09,-54.605
1674.69,-109.11399999999999
1677.3,-76.4658
1679.9,-86.6519
1682.5,-51.5986
1685.1,-57.1597
1687.7,-121.98899999999999
1690.3,0.028320299999999996
1692.9,-59.5713
1695.5,-70.2402
1698.1,-181.90200000000002
1700.69,-107.18299999999999
1703.29,-7.125489999999999
1705.88,-37.105
1708.48,-39.7944
1711.07,-100.316
1713.66,-63.5952
1716.25,-67.582
1718.84,-32.5376
1721.43,2.04395
1724.02,95.9429
1726.6,-3.25195
1729.19,83.6152
1731.77,109.947
1734.36,22.3667
1736.94,-2.9165
1739.52,71.7002
1742.1,-16.9707
1744.68,-11.5977
1747.26,-140.279
1749.84,-9.84277
1752.42,-99.4165
1755.0,-100.381
1757.57,-96.3228
1760.15,-62.8691
1762.72,-52.2124
1765.29,-78.1152
1767.86,0.255859
1770.44,-74.3364
1773.01,-55.1567
1775.58,-103.34299999999999
1778.14,-15.7236
1780.71,-113.943
1783.28,-77.1001
1785.84,-88.3867
1788.41,-159.308
1790.97,-78.6646
1793.53,-56.7056
1796.1,-163.533
1798.66,-120.492
1801.22,-43.3325
1803.78,-90.0737
1806.34,-120.92200000000001
1808.89,-128.532
1811.45,-41.0776
1814.01,-155.85399999999998
1816.56,-121.22200000000001
1819.11,-154.519
1821.67,-117.102
1824.22,-122.896
1826.77,-152.614
1829.32,-153.811
1831.87,-134.293
1834.42,-135.123
1836.96,-73.1636
1839.51,-84.6895
1842.06,-111.07700000000001
1844.6,-144.554
1847.14,-110.581
1849.69,-97.2715
1852.23,-137.583
1854.77,-163.494
1857.31,-60.6436
1859.85,-168.278
1862.39,-114.792
1864.92,-61.0645
1867.46,-163.266
1870.0,-69.8984
1872.53,-30.1758
1875.07,-100.473
1877.6,-77.6758
1880.13,-70.8193
1882.66,-56.4321
1885.19,-98.9507
1887.72,-64.708
1890.25,-41.5952
1892.78,-82.0093
1895.3,-71.1309
1897.83,-131.296
1900.35,-11.5835
1902.88,-107.795
1905.4,-56.6118
1907.92,-62.2573
1910.44,-75.9854
1912.96,-111.219
1915.48,-138.471
1918.0,-9.41455
1920.52,-139.828
1923.04,-13.6997
1925.55,-47.4077
1928.07,-131.369
1930.58,-50.4395
1933.09,-77.7134
1935.61,-90.3481
1938.12,-128.216
1940.63,-125.507
1943.14,-75.6772
1945.65,-85.4409
1948.15,-119.458
1950.66,-104.676
1953.17,-134.05
1955.67,-76.293
1958.18,-76.0894
1960.68,-17.5811
1963.18,-123.08200000000001
1965.68,-163.82399999999998
1968.18,-75.9961
1970.68,-104.443
1973.18,-184.83900000000003
1975.68,-76.4541
1978.18,-128.719
1980.67,-99.3291
1983.17,-73.2197
1985.66,-66.8945
1988.15,-90.7109
1990.65,-28.0547
1993.14,-147.85399999999998
1995.63,-133.375
1998.12,-89.4229
2000.61,-48.0391
2003.1,-93.3555
2005.59,-96.0088
2008.07,-49.7256
2010.56,-8.74414
2013.04,-10.4375
2015.52,-27.25
2018.01,-47.1963
2020.49,-86.7988
2022.97,-37.9463
2025.45,-128.65200000000002
2027.93,-48.1836
2030.41,-111.648
2032.89,-71.4121
2035.36,-96.1406
2037.84,-93.6025
2040.31,-53.7881
2042.79,6.048830000000001
2045.26,-88.9561
2047.73,-40.0088
2050.2,-53.0098
2052.67,-57.0928
2055.14,-90.1221
2057.61,-33.6592
2060.08,-37.748000000000005
2062.55,-95.54
2065.01,-113.988
2067.48,-52.9268
2069.94,-79.5996
2072.41,-36.4023
2074.87,-39.1807
2077.33,-86.3887
2079.79,-99.3291
2082.25,-89.2061
2084.71,-99.9053
2087.17,-89.9307
2089.63,-50.3037
2092.08,-77.7646
2094.54,-93.1816
2096.99,-62.373999999999995
2099.45,-80.4014
2101.9,-73.9629
2104.35,-92.7188
2106.8,-51.0127
2109.25,-60.043
2111.7,-64.7988
2114.15,-36.7949
2116.6,-4.5820300000000005
2119.04,-73.498
2121.49,-9.86523
2123.94,-58.3652
2126.38,-83.2451
2128.82,-29.9072
2131.27,-36.6611
2133.71,-135.731
2136.15,-95.4189
2138.59,-121.064
2141.03,-78.9307
2143.46,-100.15
2145.9,-94.9717
2148.34,-60.4814
2150.77,-66.5684
2153.21,-77.5186
2155.64,-124.229
2158.07,-67.2871
2160.51,20.333
2162.94,-123.338
2165.37,-95.8115
2167.8,-5.83301
2170.23,-158.27100000000002
2172.66,-32.4375
2175.08,-100.78200000000001
2177.51,36.6357
2179.93,14.2256
2182.36,1.16406
2184.78,80.2734
2187.2,11.3672
2189.62,58.2412
2192.04,-36.0488
2194.47,-30.0996
2196.88,10.5313
2199.3,-78.623
2201.72,-37.0684
2204.14,-29.2842
2206.55,-20.1758
2208.97,20.5576
2211.38,-9.12695
2213.79,-43.1953
2216.21,11.1494
2218.62,20.3594
2221.03,-14.75
2223.44,49.7744
2225.85,28.2637
2228.25,-0.09570310000000001
2230.66,44.5586
2233.07,66.2168
2235.47,66.3242
2237.88,86.5752
2240.28,92.0928
2242.68,54.083999999999996
2245.08,151.681
2247.49,146.738
2249.89,111.693
2252.29,170.613
2254.68,133.74
2257.08,152.924
2259.48,191.044
2261.87,166.71
2264.27,156.47299999999998
2266.66,172.787
2269.06,120.71600000000001
2271.45,172.065
2273.84,143.71200000000002
2276.23,181.736
2278.62,243.62400000000002
2281.01,155.716
2283.4,141.437
2285.79,125.62700000000001
2288.17,146.908
2290.56,115.21
2292.94,223.5
2295.33,170.05
2297.71,145.565
2300.09,183.88400000000001
2302.47,136.899
2304.86,175.65200000000002
2307.23,263.52299999999997
2309.61,112.59700000000001
2311.99,154.954
2314.37,158.49200000000002
2316.75,73.3789
2319.12,197.576
2321.49,118.935
2323.87,117.781
2326.24,188.62099999999998
2328.61,147.425
2330.99,69.7285
2333.36,157.166
2335.73,63.6846
2338.09,131.54
2340.46,150.329
2342.83,111.57799999999999
2345.2,94.8145
2347.56,106.73
2349.92,122.971
2352.29,148.77700000000002
2354.65,95.0225
2357.01,141.439
2359.38,110.539
2361.74,-2.6953099999999997
2364.09,65.2188
2366.45,36.9272
2368.81,90.7842
2371.17,66.0879
2373.52,82.6953
2375.88,38.2383
2378.23,19.9351
2380.59,-11.625
2382.94,26.2222
2385.29,38.4761
2387.64,13.542
2389.99,-53.6191
2392.34,47.2451
2394.69,53.5776
2397.04,-34.1353
2399.39,-7.52637
2401.73,-21.0439
2404.08,0.9165040000000001
2406.42,-27.9556
2408.77,-46.147
2411.11,9.75195
2413.45,2.8613299999999997
2415.79,-82.2124
2418.13,76.7139
2420.47,69.8091
2422.81,-2.66357
2425.15,25.1533
2427.48,55.98
2429.82,72.2397
2432.16,6.46045
2434.49,32.3975
2436.82,-32.1865
2439.16,-84.0898
2441.49,24.6812
2443.82,-17.3892
2446.15,-102.57799999999999
2448.48,-26.6396
2450.81,-81.2207
2453.14,-62.832
2455.46,-34.8413
2457.79,-27.8252
2460.11,-28.4805
2462.44,-113.021
2464.76,-31.6299
2467.08,-70.791
2469.41,-146.963
2471.73,-56.0298
2474.05,-30.4868
2476.37,-99.8027
2478.69,-48.5513
2481.0,-21.1758
2483.32,-0.783691
2485.64,-101.32700000000001
2487.95,-98.0977
2490.27,-72.5933
2492.58,-107.554
2494.89,-43.1079
2497.21,-42.6108
2499.52,-115.223
2501.83,-143.599
2504.14,-125.72200000000001
2506.45,-131.065
2508.75,-1.51807
2511.06,-130.327
2513.37,7.4165
2515.67,-50.8848
2517.98,-25.353
2520.28,43.7437
2522.58,-3.98584
2524.89,9.57422
2527.19,-28.5044
2529.49,12.772
2531.79,2.92139
2534.09,30.3062
2536.39,34.8574
2538.68,-63.9375
2540.98,54.9443
2543.27,-28.958000000000002
2545.57,42.103
2547.86,-15.6953
2550.16,-35.584
2552.45,-22.041
2554.74,-25.2476
2557.03,-20.5049
2559.32,0.152832
2561.61,-39.6997
2563.9,-30.2974
2566.19,3.9834
2568.47,9.40381
2570.76,-21.5415
2573.04,25.7881
2575.33,39.5396
2577.61,10.9507
2579.89,43.5811
2582.18,65.2603
2584.46,57.2974
2586.74,158.528
2589.02,181.953
2591.29,67.5684
2593.57,149.776
2595.85,188.56900000000002
2598.12,112.914
2600.4,109.60700000000001
2602.67,166.084
2604.95,136.16
2607.22,105.251
2609.49,111.10700000000001
2611.76,115.07600000000001
2614.04,86.6904
2616.31,117.053
2618.57,108.04299999999999
2620.84,45.7139
2623.11,34.8433
2625.38,21.5923
2627.64,24.2788
2629.91,-43.542
2632.17,-29.5298
2634.43,-31.8608
2636.7,44.1567
2638.96,29.8179
2641.22,87.3384
2643.48,100.296
2645.74,70.2988
2648.0,91.9541
2650.25,147.813
2652.51,94.0425
2654.77,160.273
2657.02,148.881
2659.27,99.5591
2661.53,71.5098
2663.78,57.0947
2666.03,73.1626
2668.28,41.4214
2670.53,55.3799
2672.78,55.4673
2675.03,85.958
2677.28,72.604
2679.53,84.7017
2681.77,142.297
2684.02,145.43
2686.26,161.509
2688.51,196.747
2690.75,247.294
2692.99,247.38099999999997
2695.23,358.925
2697.48,404.414
2699.72,516.5930000000001
2701.96,625.995
2704.19,767.202
2706.43,875.2760000000001
2708.67,1036.47
2710.9,1140.32
2713.14,1306.47
2715.37,1475.8
2717.61,1616.77
2719.84,1683.36
2722.07,1719.25
2724.3,1569.96
2726.53,1516.1
2728.76,1331.24
2730.99,1112.43
2733.22,879.7860000000001
2735.45,639.637
2737.67,516.374
2739.9,420.38800000000003
2742.12,253.52900000000002
2744.35,153.286
2746.57,139.363
2748.79,60.231
2751.01,37.1514
2753.23,-41.3071
2755.45,-89.5034
2757.67,-125.249
2759.89,-111.693
2762.11,-135.469
2764.33,-137.429
2766.54,-152.96200000000002
2768.76,-169.97400000000002
2770.97,-172.213
2771.92,-174.803
2774.17,-179.519
2776.42,-216.169
2778.66,-108.118
2780.91,-170.84900000000002
2783.15,-238.023
2785.4,-148.285
2787.64,-157.08700000000002
2789.88,-162.165
2792.13,-26.3115
2794.37,-70.8257
2796.61,-54.123999999999995
2798.85,2.5131799999999997
2801.09,18.5068
2803.33,22.2598
2805.56,133.215
2807.8,245.699
2810.04,250.269
2812.27,399.17400000000004
2814.51,481.798
2816.74,680.3710000000001
2818.97,787.91
2821.21,1056.59
2823.44,1367.27
2825.67,1783.03
2827.9,2586.03
2830.13,3626.05
2832.36,5196.24
2834.59,7621.09
2836.82,10924.0
2839.04,15207.4
2841.27,20271.7
2843.49,25056.8
2845.72,28059.4
2847.95,28938.0
2850.17,27833.1
2852.39,25703.2
2854.61,23313.7
2856.84,21049.3
2859.06,19483.1
2861.27,18099.5
2863.49,17093.1
2865.71,16596.0
2867.93,16406.0
2870.15,17114.9
2872.36,18550.5
2874.58,21719.0
2876.8,26670.7
2879.01,31647.0
2881.22,33415.8
2883.44,30946.0
2885.65,25941.2
2887.86,21672.0
2890.07,19167.3
2892.28,17911.4
2894.49,17119.7
2896.7,16579.9
2898.91,15989.2
2901.12,15208.2
2903.32,14622.4
2905.53,13645.1
2907.73,12864.7
2909.94,12059.4
2912.14,11408.9
2914.35,10817.3
2916.55,10492.9
2918.75,10284.0
2920.95,10127.0
2923.15,9931.72
2925.35,9858.21
2927.55,9644.22
2929.75,9482.43
2931.95,9076.9
2934.14,8433.42
2936.34,7741.42
2938.54,6889.73
2940.73,6009.06
2942.92,4951.91
2945.12,3960.89
2947.31,3288.44
2949.5,2659.04
2951.69,2297.61
2953.88,2062.29
2956.07,1885.73
2958.26,1734.12
2960.45,1572.49
2962.64,1413.72
2964.83,1328.36
2967.01,1200.18
2969.2,1082.63
2971.38,860.434
2973.57,788.556
2975.75,697.334
2977.93,588.206
2980.12,546.116
2982.3,532.116
2984.48,433.07199999999995
2986.66,393.17800000000005
2988.84,393.334
2991.02,388.079
2993.2,319.45
2995.37,284.97700000000003
2997.55,298.858
2999.73,177.22299999999998
3001.9,231.908
3004.08,219.81099999999998
3006.25,182.422
3008.43,114.146
3010.6,128.654
3012.77,130.655
3014.94,148.957
3017.11,49.2285
3019.28,143.246
3021.45,69.0801
3023.62,58.1118
3025.79,59.0767
3027.95,39.4517
3030.12,46.4365
3032.29,28.8374
3034.45,4.7627
3036.62,23.4873
3038.78,41.833
3040.94,-22.147
3043.1,19.8633
3045.27,-13.9668
3047.43,11.3472
3049.59,29.2729
3051.75,52.4336
3053.91,9.308589999999999
3056.06,8.4126
3058.22,-37.3813
3060.38,89.7632
3062.53,-23.8569
3064.69,52.3345
3066.84,53.2275
3069.0,46.5171
3071.15,49.981
3073.31,2.14063
3075.46,99.5586
3077.61,104.194
3079.76,113.18700000000001
3081.91,172.699
3084.06,110.647
3086.21,111.975
3088.35,99.5332
3090.5,61.6206
3092.65,41.7021
3094.79,58.9907
3096.94,-27.8057
3099.08,15.4692
3101.23,-29.1074
3103.37,10.5557
3105.51,-48.6323
3107.66,8.0791
3109.8,41.1025
3111.94,-43.0132
3114.08,-7.459960000000001
3116.21,18.9048
3118.35,22.4082
3120.49,-77.9063
3122.63,29.6697
3124.76,39.3203
3126.9,-30.1133
3129.04,6.02124
3131.17,8.63379
3133.3,-47.2422
3135.44,57.7083
3137.57,-25.116
3139.7,17.0557
3141.83,-10.1123
3143.96,5.66211
3146.09,-20.5181
3148.22,-21.9021
3150.35,-32.0076
3152.48,24.1543
3154.6,33.0112
3156.73,-39.0081
3158.85,26.804000000000002
3160.98,27.7195
3163.1,-44.6545
3165.23,-34.5591
3167.35,-76.5857
3169.47,-127.476
3171.59,-80.8743
3173.71,-98.1948
3175.83,-64.3601
3177.95,-8.57129
3180.07,18.2329
3182.19,32.5308
3184.31,16.6089
3186.42,-26.6936
3188.54,3.2819800000000003
3190.66,-54.4182
3192.77,-12.4324
3194.88,6.22949
3197.0,-22.8149
3199.11,-33.8699
3201.22,-9.33228
3203.33,-15.4517
3205.44,-54.3892
3207.55,-16.9648
3209.66,-65.8684
3211.77,-7.6333
3213.88,-13.8259
3215.99,-16.6208
3218.09,44.6353
3220.2,-28.0762
3222.3,-62.0261
3224.41,-22.3059
3226.51,-22.0793
3228.62,-20.5112
3230.72,2.0703099999999997
3232.82,-71.8936
3234.92,10.5811
3237.02,-13.3879
3239.12,-13.1846
3241.22,-60.6074
3243.32,24.8474
3245.42,-35.7837
3247.52,2.68994
3249.61,16.4761
3251.71,-49.4185
3253.8,-25.6326
3255.9,1.88965
3257.99,-22.9419
3260.08,44.926
3262.18,-9.21899
3264.27,-10.1538
3266.36,-18.6653
3268.45,-27.5881
3270.54,-67.5413
3272.63,6.972169999999999
3274.72,-13.3679
3276.81,-15.667
3278.89,-29.5618
3280.98,-8.16455
3283.07,-57.2305
3285.15,-31.1108
3287.24,-10.1062
3289.32,-12.9397
3291.4,-59.1648
3293.49,-16.4438
3295.57,-4.54736
3297.65,-7.73291
3299.73,-29.0662
3301.81,-16.5713
3303.89,-7.54272
3305.97,-37.0903
3308.05,-31.3176
3310.12,-18.8535
3312.2,-34.3728
3314.28,-14.8333
3316.35,-50.7656
3318.43,-22.9126
3320.5,-11.075
3322.57,-86.6689
3324.65,-63.4465
3326.72,-27.4565
3328.79,3.56152
3330.86,-58.5452
3332.93,-11.5288
3335.0,-22.6943
3337.07,-76.3877
3339.14,-54.8845
3341.2,-41.5835
3343.27,-29.3645
3345.34,-11.804
3347.4,-45.3669
3349.47,-69.8232
3351.53,-6.98486
3353.59,-43.9265
3355.66,-61.0347
3357.72,-50.9016
3359.78,8.82422
3361.84,-67.6394
3363.9,-48.5427
3365.96,-15.3508
3368.02,0.450928
3370.08,-28.1577
3372.14,-55.6887
3374.19,-17.3223
3376.25,-41.0605
3378.3,-46.6531
3380.36,-39.6162
3382.41,-20.3376
3384.47,-37.6902
3386.52,-68.8987
3388.57,4.1748
3390.62,-28.1633
3392.67,-30.4587
3394.72,-94.8438
3396.77,-34.9756
3398.82,-67.5559
3400.87,-14.4583
3402.92,-50.7581
3404.97,-32.2764
3407.01,-22.4744
3409.06,-39.9451
3411.1,-47.7458
3413.15,-50.7854
3415.19,-37.7942
3417.23,-47.8098
3419.28,-17.4963
3421.32,7.4804699999999995
3423.36,-47.5994
3425.4,-38.158
3427.44,-12.3015
3429.48,-11.3054
3431.52,-15.1528
3433.56,-6.93237
3435.59,-12.8352
3437.63,-46.2646
3439.67,-42.9395
3441.7,-20.7249
3443.73,3.12109
3445.77,-53.4453
3447.8,-52.1394
3449.84,-26.9575
3451.87,-2.4436
3453.9,-12.8503
3455.93,-10.4119
3457.96,-35.5022
3459.99,-42.7322
3462.02,-11.7808
3464.04,-62.5657
3466.07,-20.3252
3468.1,-67.512
3470.13,-43.0476
3472.15,-53.9023
3474.18,-16.8044
3476.2,-83.3579
3478.22,-16.2986
3480.25,-57.7961
3482.27,5.371580000000001
3484.29,-11.5669
3486.31,-65.1877
3488.33,-18.459
3490.35,-59.5479
3492.37,-38.5142
3494.39,-76.0771
3496.41,-108.5
3498.42,-50.748000000000005
