100.90100000000001,-183.072
104.069,-110.787
107.23700000000001,-226.426
110.40299999999999,-74.9482
113.568,37.1929
116.73200000000001,-104.594
119.895,-81.0056
123.056,-29.1421
126.21700000000001,-114.495
129.377,-102.22
132.533,-105.586
135.691,-11.1553
138.847,82.2063
142.0,-35.7578
145.155,-6.26147
148.306,-146.924
151.458,109.54299999999999
154.609,92.6182
157.757,-207.101
160.904,3.59766
164.05200000000002,-17.1436
167.197,29.2148
170.342,-27.2295
173.485,41.5771
176.627,-101.066
179.767,-6.104
182.90900000000002,-0.581299
186.047,19.5806
189.18400000000003,-44.0947
192.321,48.906000000000006
195.456,-28.2788
198.59,-18.0842
201.72299999999998,0.5356449999999999
204.855,100.06
207.986,55.9429
211.11599999999999,-46.3293
214.245,0.8696290000000001
217.373,55.1448
220.497,29.1121
223.623,-4.7876
226.748,-1.9646
229.86900000000003,-1.7854
232.99200000000002,-120.766
236.114,43.033
239.232,-77.7266
242.351,106.304
245.468,-61.3799
248.585,9.38696
251.699,-20.1492
254.81400000000002,58.2271
257.926,-15.375
261.038,-5.66211
264.15,46.6755
267.259,-6.44189
270.366,55.3711
273.473,66.2859
276.579,-103.14
279.686,23.0439
282.79,70.1711
285.893,18.0286
288.994,89.6538
292.095,-54.4314
295.194,78.2061
298.291,12.8142
301.388,-166.60299999999998
304.485,136.77200000000002
307.58,-7.942139999999999
310.675,-45.7234
313.76599999999996,-1.9816900000000002
316.858,-23.384
319.95,2.52002
323.038,3.0339400000000003
326.127,-18.4143
329.213,-60.5808
332.3,57.356
335.384,110.086
338.47,35.3792
341.55199999999996,-103.82700000000001
344.63300000000004,97.53200000000001
347.712,37.5986
350.793,51.6147
353.871,-134.981
356.94800000000004,3.8811
360.024,118.992
363.099,121.758
366.173,-104.995
369.245,-71.6584
372.31699999999995,-15.0408
375.38800000000003,-62.4646
378.458,-78.408
381.526,26.7395
384.594,-124.804
387.66,-82.9238
390.724,17.5237
393.789,-88.8567
396.852,30.9807
399.913,21.1855
402.974,-42.2893
406.033,-46.5693
409.092,-9.91113
412.148,-33.8901
415.20599999999996,8.410160000000001
418.26,-83.2703
421.316,-44.7615
424.36800000000005,-32.311
427.41900000000004,-77.6946
430.47,30.9568
433.52099999999996,-54.4851
436.569,-59.8782
439.61699999999996,1.83447
442.663,-75.675
445.708,-111.50299999999999
448.75199999999995,-36.272
451.796,-49.1868
454.838,84.927
457.87699999999995,-123.07799999999999
460.917,-0.0866699
463.95599999999996,6.57178
466.995,-7.25073
470.03,60.552
473.066,98.2356
476.101,56.5591
479.13300000000004,-43.1912
482.166,17.3054
485.19699999999995,-4.990480000000001
488.228,-40.6899
491.256,11.7874
494.283,18.5295
497.311,-48.3601
500.336,3.27808
503.36,-26.4526
506.38300000000004,123.06
509.408,-4.4743699999999995
512.429,-132.61700000000002
515.4490000000001,-68.1611
518.4680000000001,-129.984
521.486,49.8271
524.503,-124.756
527.5169999999999,-87.83200000000001
530.5319999999999,-14.9685
533.5459999999999,-0.5515140000000001
536.56,-70.5042
539.572,-50.1753
542.581,6.22534
545.591,-9.33765
548.5980000000001,43.8525
551.606,-124.24799999999999
554.612,-39.4954
557.618,-100.22200000000001
560.621,37.0098
563.625,57.6907
566.626,-72.8682
569.627,-25.845
572.626,87.8906
575.626,-8.315669999999999
578.623,-53.4314
581.62,-133.887
584.615,150.92
587.609,-95.0015
590.602,-1.59595
593.595,30.1755
596.586,-105.036
599.5740000000001,-41.3013
602.564,-105.95700000000001
605.552,25.2166
608.54,10.2781
611.524,-124.098
614.509,-18.0842
617.492,-57.5232
620.475,-0.146729
623.456,-29.03
626.437,79.6672
629.4159999999999,-68.686
632.394,11.1199
635.372,52.603
638.3480000000001,-1.2695299999999998
641.322,-13.1953
644.2959999999999,-91.4246
647.269,153.381
650.24,17.6914
653.211,-43.8635
656.181,-27.989
659.15,-129.842
662.118,56.54
665.085,20.511999999999997
668.05,-40.1641
671.013,-98.2771
673.977,43.0422
676.94,-59.8186
679.9,-40.6885
682.8610000000001,-1.49023
685.819,-138.958
688.779,-33.7178
691.735,-2.1945799999999998
694.69,-45.665
697.6460000000001,-12.4778
700.5989999999999,-35.6707
703.552,-78.2595
706.503,8.24512
709.453,-23.0723
712.403,67.9929
715.3510000000001,-107.306
718.299,13.1875
721.245,29.5544
724.191,113.08
727.135,11.7065
730.079,63.7515
733.02,-56.9202
735.961,72.1213
738.9019999999999,-15.4424
741.84,-60.6409
744.779,78.1904
747.715,-17.4749
750.6519999999999,-49.1343
753.586,78.9292
756.5189999999999,81.3853
759.453,-106.464
762.3839999999999,-13.5806
765.314,-0.65918
768.243,-57.7925
771.172,-10.7715
774.0989999999999,50.7397
777.025,62.728
779.951,-35.7009
782.875,33.5444
785.799,-62.5103
788.721,-6.0795900000000005
791.6410000000001,71.6392
794.562,95.8838
797.4810000000001,-55.8347
800.398,30.6235
803.316,15.6968
806.2310000000001,105.82600000000001
809.145,-120.949
812.06,158.195
814.972,8.70557
817.883,83.3828
820.795,39.0215
823.704,68.6123
826.613,-42.4492
829.52,115.587
832.427,146.35299999999998
835.332,-39.0117
838.237,43.3574
841.14,10.2866
844.041,119.095
846.943,-14.7109
849.8439999999999,93.7861
852.743,-75.5908
855.64,96.7383
858.538,41.3218
861.434,11.6162
864.33,-94.3284
867.2230000000001,-33.8325
870.115,95.6509
873.008,-44.6182
875.8989999999999,17.5796
878.788,-76.3274
881.677,31.0283
884.565,53.9878
887.451,174.821
890.337,-81.3398
893.222,133.111
896.1060000000001,-148.043
898.9889999999999,65.3892
901.8689999999999,63.0747
904.75,96.1548
907.63,48.9937
910.508,143.681
913.3860000000001,46.7915
916.2610000000001,-20.7446
919.138,52.9395
922.012,24.8135
924.8839999999999,-26.3481
927.758,0.320313
930.6289999999999,12.7495
933.4989999999999,140.428
936.368,-10.645
939.2360000000001,73.6362
942.1030000000001,149.668
944.9689999999999,-36.5222
947.835,51.4995
950.699,-1.19287
953.562,-115.322
956.423,-19.3442
959.285,-77.3987
962.145,-24.6511
965.003,95.7881
967.862,-97.6013
970.7180000000001,25.6182
973.575,142.458
976.43,-58.4485
979.283,-1.23975
982.135,49.8247
984.987,-77.9783
987.8389999999999,-11.8057
990.689,90.6636
993.538,-49.2473
996.385,54.3179
999.23,20.019000000000002
1002.08,84.7769
1004.92,2.26904
1007.77,96.9565
1010.61,76.9897
1013.45,133.276
1016.29,42.313
1019.13,21.522
1021.97,67.4492
1024.81,65.5752
1027.64,139.14
1030.48,89.9731
1033.31,136.013
1036.15,37.1567
1038.98,25.8853
1041.81,179.588
1044.64,103.55
1047.47,55.7524
1050.3,298.601
1053.12,553.719
1055.95,1033.2
1058.78,1649.17
1061.6,1951.88
1064.42,1571.7
1067.25,1102.04
1070.07,460.82199999999995
1072.89,301.54200000000003
1075.71,280.55400000000003
1078.53,346.67699999999996
1081.34,193.518
1084.16,257.144
1086.97,276.915
1089.79,313.69
1092.6,148.30200000000002
1095.41,173.767
1098.23,126.31200000000001
1101.04,97.1538
1103.85,75.2402
1106.65,146.12
1109.46,163.97
1112.27,149.293
1115.07,308.19
1117.88,351.16
1120.68,605.979
1123.48,1388.35
1126.28,1894.65
1129.08,1909.95
1131.88,1563.86
1134.68,924.2639999999999
1137.48,362.972
1140.27,197.701
1143.07,80.72800000000001
1145.86,107.33
1148.66,-41.4229
1151.45,173.43900000000002
1154.24,49.1304
1157.03,114.042
1159.82,23.4111
1162.61,310.205
1165.39,253.41099999999997
1168.18,369.70599999999996
1170.97,388.098
1173.75,161.392
1176.53,131.33
1179.32,103.26
1182.1,-17.9326
1184.88,23.6113
1187.66,-11.9414
1190.43,31.1172
1193.21,-134.115
1195.99,61.3047
1198.76,-53.0142
1201.54,17.502
1204.31,57.7339
1207.08,-10.9492
1209.85,-30.6035
1212.63,12.7612
1215.39,-76.6318
1218.16,45.644
1220.93,20.6797
1223.7,6.9179699999999995
1226.46,31.6064
1229.23,-7.85498
1231.99,33.1577
1234.75,-36.4678
1237.51,7.341310000000001
1240.27,2.38672
1243.03,-15.4678
1245.79,34.2676
1248.55,134.279
1251.31,-58.646
1254.06,66.2065
1256.82,-41.1992
1259.57,62.5796
1262.32,89.7305
1265.07,83.0962
1267.82,246.146
1270.57,152.03799999999998
1273.32,98.2373
1276.07,155.7
1278.82,113.4
1281.56,327.827
1284.31,346.375
1287.05,721.5089999999999
1289.79,1757.9
1292.54,2850.58
1295.28,2819.76
1298.02,2050.34
1300.75,1184.15
1303.49,526.4680000000001
1306.23,459.075
1308.97,303.857
1311.7,231.12599999999998
1314.43,210.271
1317.17,240.13299999999998
1319.9,181.82299999999998
1322.63,209.99900000000002
1325.36,14.9482
1328.09,44.5278
1330.82,9.804689999999999
1333.54,84.5342
1336.27,50.9688
1339.0,121.161
1341.72,-43.1338
1344.44,27.8569
1347.17,83.6353
1349.89,-18.9619
1352.61,-57.7271
1355.33,61.6885
1358.04,51.5635
1360.76,41.9424
1363.48,110.531
1366.19,212.06
1368.91,144.077
1371.62,200.69400000000002
1374.33,39.7427
1377.05,84.4619
1379.76,-14.9575
1382.47,35.439
1385.17,-92.3281
1387.88,175.305
1390.59,49.8091
1393.29,37.5596
1396.0,-39.6514
1398.7,32.8608
1401.41,79.2852
1404.11,47.332
1406.81,243.076
1409.51,353.62699999999995
1412.21,853.2289999999999
1414.91,1137.47
1417.6,1068.74
1420.3,873.455
1422.99,646.052
1425.69,508.50199999999995
1428.38,704.518
1431.07,1123.01
1433.76,1396.09
1436.45,2135.74
1439.14,2275.61
1441.83,2039.62
1444.52,1795.5
1447.21,1391.72
1449.89,1218.61
1452.58,1116.86
1455.26,1268.22
1457.94,1220.91
1460.62,1236.67
1463.3,1195.51
1465.99,1100.31
1468.66,837.962
1471.34,740.487
1474.02,372.538
1476.7,316.54
1479.37,198.36599999999999
1482.04,211.446
1484.72,98.0493
1487.39,116.946
1490.06,62.3633
1492.73,127.045
1495.4,-38.4585
1498.07,19.5073
1500.74,50.0273
1503.4,8.77051
1506.07,3.6777300000000004
1508.73,72.1362
1511.39,-86.8052
1514.06,43.3628
1516.72,-79.5088
1519.38,-11.8721
1522.04,-11.8413
1524.7,-6.06445
1527.36,29.8926
1530.01,106.69200000000001
1532.67,32.2827
1535.32,-102.648
1537.98,7.00391
1540.63,-18.1353
1543.28,72.0781
1545.93,-84.2993
1548.58,-8.19287
1551.23,-66.9731
1553.88,-25.7036
1556.53,46.2813
1559.18,-0.200195
1561.82,0.9936520000000001
1564.47,-32.3428
1567.11,-50.8447
1569.75,-44.7959
1572.4,29.833000000000002
1575.04,28.5439
1577.68,-75.4761
1580.31,3.3037099999999997
1582.95,-69.8291
1585.59,49.6416
1588.23,-40.2354
1590.86,11.7646
1593.5,19.2383
1596.13,-72.9028
1598.76,-14.2144
1601.39,-59.6128
1604.02,10.1646
1606.65,87.0317
1609.28,60.2212
1611.91,17.2666
1614.53,138.20600000000002
1617.16,131.971
1619.79,138.933
1622.41,39.8481
1625.03,61.4775
1627.65,-86.3247
1630.28,49.5537
1632.9,-5.3291
1635.52,-80.7227
1638.13,38.7129
1640.75,28.2773
1643.37,-16.8667
1645.98,-4.3252
1648.6,-67.771
1651.21,40.5449
1653.82,4.08447
1656.44,-39.8174
1659.05,70.5703
1661.66,-28.0127
1664.27,25.3804
1666.87,6.30566
1669.48,120.296
1672.09,-175.90900000000002
1674.69,113.012
1677.3,-6.296880000000001
1679.9,94.5107
1682.5,66.2847
1685.1,-63.2451
1687.7,-13.7178
1690.3,129.418
1692.9,20.9814
1695.5,100.35799999999999
1698.1,109.429
1700.69,123.803
1703.29,73.793
1705.88,99.1299
1708.48,106.721
1711.07,112.55
1713.66,95.3452
1716.25,37.1519
1718.84,11.2954
1721.43,108.37200000000001
1724.02,76.4355
1726.6,99.7651
1729.19,95.7305
1731.77,15.9102
1734.36,65.6934
1736.94,39.8125
1739.52,-97.8896
1742.1,72.4043
1744.68,-5.513669999999999
1747.26,33.1777
1749.84,92.0654
1752.42,27.9165
1755.0,-21.0942
1757.57,68.5342
1760.15,-60.7197
1762.72,22.1982
1765.29,-23.0952
1767.86,80.6792
1770.44,-116.131
1773.01,67.4834
1775.58,-3.79492
1778.14,29.0732
1780.71,23.8491
1783.28,-48.4063
1785.84,-120.18299999999999
1788.41,-31.1426
1790.97,-67.9502
1793.53,-142.221
1796.1,-4.9516599999999995
1798.66,13.6294
1801.22,-47.2759
1803.78,3.36865
1806.34,-141.132
1808.89,40.0249
1811.45,-163.10399999999998
1814.01,-75.311
1816.56,-84.3081
1819.11,-18.9668
1821.67,-56.0254
1824.22,-129.77100000000002
1826.77,-10.0986
1829.32,-44.0454
1831.87,-37.4292
1834.42,-80.3965
1836.96,-83.7485
1839.51,24.5889
1842.06,-119.219
1844.6,-4.82471
1847.14,-127.06299999999999
1849.69,-52.4053
1852.23,-30.5913
1854.77,-7.71289
1857.31,24.5952
1859.85,-81.6147
1862.39,81.978
1864.92,-60.2227
1867.46,-50.9834
1870.0,-3.5390599999999997
1872.53,-1.0415
1875.07,119.36
1877.6,4.2168
1880.13,40.353
1882.66,55.6113
1885.19,81.8662
1887.72,32.4653
1890.25,83.7021
1892.78,-83.5977
1895.3,76.9888
1897.83,66.9258
1900.35,84.7061
1902.88,39.5049
1905.4,12.9614
1907.92,45.4517
1910.44,80.4434
1912.96,30.3789
1915.48,85.9185
1918.0,-14.7905
1920.52,-10.6924
1923.04,72.1948
1925.55,33.5933
1928.07,142.116
1930.58,39.7974
1933.09,-40.0923
1935.61,93.0225
1938.12,62.5879
1940.63,175.74599999999998
1943.14,48.3291
1945.65,42.2866
1948.15,217.15400000000002
1950.66,58.8188
1953.17,70.2627
1955.67,8.622069999999999
1958.18,128.822
1960.68,75.96
1963.18,80.582
1965.68,-140.401
1968.18,99.2344
1970.68,104.265
1973.18,-70.0137
1975.68,12.9229
1978.18,-28.5498
1980.67,65.0322
1983.17,-3.81641
1985.66,1.2470700000000001
1988.15,97.46
1990.65,-8.808589999999999
1993.14,25.1768
1995.63,77.2471
1998.12,-43.542
2000.61,14.4023
2003.1,52.5225
2005.59,-39.4189
2008.07,42.8643
2010.56,54.8633
2013.04,-3.43945
2015.52,95.5986
2018.01,83.6807
2020.49,-37.3965
2022.97,-0.500977
2025.45,-4.02051
2027.93,115.28
2030.41,-59.9189
2032.89,-44.3037
2035.36,-117.20200000000001
2037.84,-62.3008
2040.31,-8.52246
2042.79,-108.28
2045.26,10.0342
2047.73,86.3164
2050.2,-73.9355
2052.67,2.3378900000000002
2055.14,84.0879
2057.61,59.0459
2060.08,-33.9209
2062.55,16.0938
2065.01,-66.5615
2067.48,-1.7959
2069.94,-124.024
2072.41,123.48
2074.87,-0.604492
2077.33,1.38867
2079.79,-45.748999999999995
2082.25,-5.0742199999999995
2084.71,-48.7422
2087.17,77.2793
2089.63,-95.0732
2092.08,13.5986
2094.54,33.2197
2096.99,137.174
2099.45,-18.3418
2101.9,118.57
2104.35,68.8223
2106.8,90.7617
2109.25,53.8193
2111.7,82.6807
2114.15,74.1504
2116.6,77.0313
2119.04,76.5
2121.49,11.2344
2123.94,149.058
2126.38,44.1914
2128.82,133.519
2131.27,26.9473
2133.71,-55.8281
2136.15,7.19336
2138.59,49.7344
2141.03,-0.598633
2143.46,60.585
2145.9,52.915
2148.34,127.54
2150.77,1.06934
2153.21,88.8535
2155.64,-33.4766
2158.07,85.3232
2160.51,117.991
2162.94,18.957
2165.37,-21.0313
2167.8,224.93200000000002
2170.23,-29.835
2172.66,-34.8379
2175.08,-13.877
2177.51,97.3369
2179.93,-46.5205
2182.36,55.4131
2184.78,-81.6406
2187.2,35.6514
2189.62,-61.5303
2192.04,-15.9863
2194.47,-178.85299999999998
2196.88,-74.1758
2199.3,-143.798
2201.72,-42.7021
2204.14,-145.85299999999998
2206.55,-157.45
2208.97,31.2197
2211.38,-93.1064
2213.79,-59.8584
2216.21,-47.9004
2218.62,254.725
2221.03,106.32799999999999
2223.44,105.78299999999999
2225.85,-25.1221
2228.25,-45.1699
2230.66,60.7402
2233.07,116.45200000000001
2235.47,-81.876
2237.88,14.6074
2240.28,29.4902
2242.68,129.40200000000002
2245.08,31.7295
2247.49,199.135
2249.89,38.6016
2252.29,259.85900000000004
2254.68,258.244
2257.08,504.066
2259.48,771.115
2261.87,792.1310000000001
2264.27,169.295
2266.66,107.324
2269.06,254.18400000000003
2271.45,-4.97754
2273.84,288.716
2276.23,207.335
2278.62,266.645
2281.01,89.3809
2283.4,253.735
2285.79,162.586
2288.17,119.70100000000001
2290.56,152.755
2292.94,181.312
2295.33,103.84100000000001
2297.71,253.169
2300.09,164.12900000000002
2302.47,232.80599999999998
2304.86,173.072
2307.23,214.813
2309.61,158.35399999999998
2311.99,124.88600000000001
2314.37,190.53599999999997
2316.75,156.252
2319.12,204.36
2321.49,210.77200000000002
2323.87,228.94
2326.24,159.017
2328.61,198.273
2330.99,122.15
2333.36,192.778
2335.73,25.9458
2338.09,199.678
2340.46,162.987
2342.83,103.82
2345.2,114.744
2347.56,131.378
2349.92,116.102
2352.29,158.97799999999998
2354.65,147.585
2357.01,183.847
2359.38,183.00099999999998
2361.74,123.751
2364.09,128.41299999999998
2366.45,172.59099999999998
2368.81,156.463
2371.17,131.555
2373.52,128.642
2375.88,113.31
2378.23,199.72099999999998
2380.59,-44.707
2382.94,122.20299999999999
2385.29,18.6826
2387.64,104.803
2389.99,77.7847
2392.34,100.921
2394.69,140.649
2397.04,21.8647
2399.39,30.7432
2401.73,135.864
2404.08,50.9653
2406.42,89.3965
2408.77,81.062
2411.11,-36.1465
2413.45,58.6958
2415.79,66.5752
2418.13,64.708
2420.47,94.9019
2422.81,121.87
2425.15,43.6504
2427.48,109.488
2429.82,84.06200000000001
2432.16,89.7241
2434.49,109.575
2436.82,108.65700000000001
2439.16,141.048
2441.49,82.8721
2443.82,120.133
2446.15,25.2681
2448.48,96.9517
2450.81,68.25
2453.14,64.1777
2455.46,81.6538
2457.79,101.98100000000001
2460.11,120.39299999999999
2462.44,-25.8208
2464.76,161.10399999999998
2467.08,40.8306
2469.41,73.5454
2471.73,34.8911
2474.05,35.938
2476.37,-10.3838
2478.69,181.928
2481.0,71.6167
2483.32,82.5864
2485.64,-7.936039999999999
2487.95,101.06299999999999
2490.27,46.7012
2492.58,82.1504
2494.89,-18.791
2497.21,39.9829
2499.52,-35.1011
2501.83,-67.2754
2504.14,-33.1792
2506.45,-19.9224
2508.75,27.2798
2511.06,18.5947
2513.37,25.5977
2515.67,1.19287
2517.98,45.3208
2520.28,-26.6484
2522.58,-17.0332
2524.89,79.8018
2527.19,49.6523
2529.49,-35.1011
2531.79,13.3911
2534.09,6.992189999999999
2536.39,5.06934
2538.68,0.339355
2540.98,18.061
2543.27,30.5615
2545.57,48.9653
2547.86,36.915
2550.16,1.24805
2552.45,51.8789
2554.74,-29.1094
2557.03,-15.0264
2559.32,10.1665
2561.61,34.7065
2563.9,-34.5356
2566.19,6.40479
2568.47,-43.4077
2570.76,20.1694
2573.04,22.8159
2575.33,7.04932
2577.61,71.7344
2579.89,-7.95459
2582.18,25.7212
2584.46,72.6792
2586.74,41.6226
2589.02,60.8027
2591.29,95.9067
2593.57,118.061
2595.85,53.0576
2598.12,67.0439
2600.4,63.043
2602.67,44.833
2604.95,133.767
2607.22,45.0645
2609.49,105.32600000000001
2611.76,39.1118
2614.04,100.22399999999999
2616.31,51.8271
2618.57,78.5791
2620.84,50.312
2623.11,33.1963
2625.38,59.8291
2627.64,-3.93604
2629.91,-2.93701
2632.17,25.6899
2634.43,-15.3809
2636.7,20.936
2638.96,63.3154
2641.22,36.5596
2643.48,1.19336
2645.74,26.0142
2648.0,51.6211
2650.25,61.1992
2652.51,32.4932
2654.77,70.5024
2657.02,69.4961
2659.27,7.10986
2661.53,-17.6875
2663.78,-47.46
2666.03,-18.3799
2668.28,-23.8926
2670.53,0.5996090000000001
2672.78,12.4951
2675.03,-32.3174
2677.28,3.42529
2679.53,-47.6621
2681.77,19.8311
2684.02,2.96484
2686.26,-4.37451
2688.51,-2.57813
2690.75,19.9478
2692.99,82.8843
2695.23,70.9312
2697.48,128.385
2699.72,199.551
2701.96,246.692
2704.19,331.36400000000003
2706.43,343.55
2708.67,380.096
2710.9,486.74
2713.14,542.64
2715.37,619.691
2717.61,635.288
2719.84,724.824
2722.07,629.93
2724.3,643.609
2726.53,524.867
2728.76,498.23
2730.99,305.41900000000004
2733.22,273.247
2735.45,201.946
2737.67,108.895
2739.9,144.27100000000002
2742.12,97.4819
2744.35,10.5979
2746.57,11.948
2748.79,-26.1182
2751.01,-7.729
2753.23,-23.6643
2755.45,-22.3413
2757.67,-0.498047
2759.89,-21.3013
2762.11,-44.9172
2764.33,-81.2668
2766.54,-105.76700000000001
2768.76,-46.0537
2770.97,-89.4553
2771.92,-152.869
2774.17,25.4717
2776.42,-72.2886
2778.66,-33.2041
2780.91,32.4595
2783.15,-4.53906
2785.4,-45.481
2787.64,-7.7688
2789.88,-13.7849
2792.13,36.6648
2794.37,-60.8984
2796.61,57.7522
2798.85,-55.6018
2801.09,17.1313
2803.33,-1.30005
2805.56,93.4099
2807.8,133.336
2810.04,106.97
2812.27,152.52200000000002
2814.51,188.986
2816.74,314.651
2818.97,339.855
2821.21,475.80400000000003
2823.44,680.255
2825.67,870.461
2827.9,1326.46
2830.13,1834.35
2832.36,2682.53
2834.59,3740.85
2836.82,5241.48
2839.04,6893.22
2841.27,8759.49
2843.49,10246.5
2845.72,10988.1
2847.95,10868.9
2850.17,10192.9
2852.39,9281.27
2854.61,8136.16
2856.84,7347.09
2859.06,6764.49
2861.27,6232.59
2863.49,5980.86
2865.71,5899.69
2867.93,5811.27
2870.15,6405.23
2872.36,7352.69
2874.58,9359.91
2876.8,12450.7
2879.01,14655.7
2881.22,14874.3
2883.44,12706.6
2885.65,9997.69
2887.86,7855.04
2890.07,6722.43
2892.28,6369.07
2894.49,5962.43
2896.7,5702.93
2898.91,5540.68
2901.12,5090.24
2903.32,4807.96
2905.53,4523.37
2907.73,4082.59
2909.94,3826.99
2912.14,3587.72
2914.35,3406.72
2916.55,3255.95
2918.75,3307.19
2920.95,3130.72
2923.15,3146.72
2925.35,3108.14
2927.55,3000.17
2929.75,2919.48
2931.95,2604.39
2934.14,2460.63
2936.34,2158.98
2938.54,1853.91
2940.73,1515.68
2942.92,1166.43
2945.12,986.5830000000001
2947.31,661.09
2949.5,628.549
2951.69,530.212
2953.88,381.224
2956.07,336.705
2958.26,434.684
2960.45,300.408
2962.64,174.12400000000002
2964.83,294.13599999999997
2967.01,167.12099999999998
2969.2,130.442
2971.38,137.605
2973.57,135.679
2975.75,154.083
2977.93,70.8098
2980.12,199.43400000000003
2982.3,133.407
2984.48,95.4592
2986.66,100.38799999999999
2988.84,87.9397
2991.02,65.4065
2993.2,76.7671
2995.37,86.6616
2997.55,94.0081
2999.73,80.8118
3001.9,35.3755
3004.08,102.555
3006.25,43.1917
3008.43,-9.34961
3010.6,18.0625
3012.77,94.3418
3014.94,-2.0537099999999997
3017.11,17.6897
3019.28,35.1636
3021.45,-33.3142
3023.62,41.23
3025.79,12.626
3027.95,-6.928960000000001
3030.12,22.8384
3032.29,4.95898
3034.45,-4.09839
3036.62,45.418
3038.78,-6.70435
3040.94,3.73682
3043.1,-45.6697
3045.27,37.8242
3047.43,-8.98535
3049.59,7.802980000000001
3051.75,-39.6672
3053.91,17.4165
3056.06,5.81934
3058.22,38.0623
3060.38,-26.2996
3062.53,11.6018
3064.69,-6.12036
3066.84,35.5852
3069.0,32.3875
3071.15,-23.6675
3073.31,29.7612
3075.46,-14.2854
3077.61,52.0283
3079.76,103.97
3081.91,91.6333
3084.06,43.4998
3086.21,15.1509
3088.35,42.2122
3090.5,-9.14697
3092.65,59.8857
3094.79,-17.1165
3096.94,-89.9526
3099.08,86.2566
3101.23,-15.241
3103.37,6.4043
3105.51,-43.2925
3107.66,-25.666
3109.8,-11.8357
3111.94,55.8616
3114.08,7.846189999999999
3116.21,-25.8655
3118.35,-17.1414
3120.49,-52.8354
3122.63,57.5576
3124.76,9.19458
3126.9,28.6223
3129.04,-37.4333
3131.17,-31.3801
3133.3,3.15112
3135.44,48.3821
3137.57,-4.96167
3139.7,1.9353
3141.83,-39.2708
3143.96,4.37622
3146.09,-25.1245
3148.22,20.7708
3150.35,6.3615699999999995
3152.48,-35.1653
3154.6,21.0725
3156.73,-59.5471
3158.85,-11.948
3160.98,27.5771
3163.1,-28.5049
3165.23,-51.6399
3167.35,-25.1104
3169.47,-113.141
3171.59,-82.3003
3173.71,-57.7551
3175.83,-1.7673299999999998
3177.95,-56.7861
3180.07,-61.0408
3182.19,54.4573
3184.31,6.60352
3186.42,-18.7791
3188.54,48.0134
3190.66,-38.3291
3192.77,29.1252
3194.88,-20.7109
3197.0,-29.7144
3199.11,36.0022
3201.22,22.1074
3203.33,27.3137
3205.44,3.65479
3207.55,15.3958
3209.66,9.40527
3211.77,-13.9729
3213.88,-25.0967
3215.99,0.654541
3218.09,-24.0396
3220.2,-39.0051
3222.3,-21.729
3224.41,-38.9482
3226.51,-13.7939
3228.62,-24.658
3230.72,-47.5339
3232.82,53.6118
3234.92,-19.4448
3237.02,-10.3486
3239.12,-33.0095
3241.22,-8.99951
3243.32,17.2483
3245.42,21.2478
3247.52,-20.908
3249.61,7.25073
3251.71,-26.1284
3253.8,54.8357
3255.9,2.3313
3257.99,64.3462
3260.08,-45.5974
3262.18,15.8706
3264.27,-18.8403
3266.36,28.3105
3268.45,-44.833
3270.54,70.2747
3272.63,-22.5901
3274.72,71.1887
3276.81,43.9587
3278.89,16.3279
3280.98,-45.6113
3283.07,18.7932
3285.15,-6.40894
3287.24,8.0769
3289.32,36.9963
3291.4,99.2512
3293.49,47.8359
3295.57,10.8203
3297.65,-39.8953
3299.73,33.6543
3301.81,15.2551
3303.89,27.1138
3305.97,38.7371
3308.05,-39.7549
3310.12,21.093000000000004
3312.2,24.3745
3314.28,2.4941400000000002
3316.35,-37.1216
3318.43,137.097
3320.5,-44.4832
3322.57,-61.137
3324.65,44.2937
3326.72,54.7485
3328.79,51.0867
3330.86,-21.2813
3332.93,47.7634
3335.0,-44.9185
3337.07,54.521
3339.14,51.8567
3341.2,-9.49023
3343.27,-0.9355469999999999
3345.34,49.6536
3347.4,25.2212
3349.47,-25.1414
3351.53,-7.80542
3353.59,62.6174
3355.66,-26.9658
3357.72,35.9231
3359.78,44.1099
3361.84,11.4434
3363.9,-37.0764
3365.96,72.5078
3368.02,28.9758
3370.08,0.564209
3372.14,6.027830000000001
3374.19,54.0991
3376.25,21.0505
3378.3,15.8694
3380.36,57.7842
3382.41,7.2070300000000005
3384.47,-35.2842
3386.52,-15.812999999999999
3388.57,92.1023
3390.62,36.6553
3392.67,43.8911
3394.72,-5.3147
3396.77,45.4827
3398.82,9.10303
3400.87,47.9836
3402.92,48.7065
3404.97,88.8909
3407.01,-36.645
3409.06,27.3171
3411.1,23.8965
3413.15,86.9136
3415.19,-5.97485
3417.23,11.0205
3419.28,42.1377
3421.32,20.1724
3423.36,54.1145
3425.4,-72.8337
3427.44,24.4702
3429.48,18.8933
3431.52,52.6992
3433.56,1.99194
3435.59,90.821
3437.63,5.9270000000000005
3439.67,46.1143
3441.7,5.66919
3443.73,36.093
3445.77,46.8367
3447.8,17.968
3449.84,37.9841
3451.87,-1.8938
3453.9,-7.022710000000001
3455.93,-11.2451
3457.96,57.3279
3459.99,-19.0957
3462.02,19.3899
3464.04,-28.7166
3466.07,-27.0073
3468.1,-36.6848
3470.13,52.3518
3472.15,-3.90942
3474.18,10.4355
3476.2,-61.4343
3478.22,-17.9336
3480.25,-5.36816
3482.27,-0.971191
3484.29,-15.7502
3486.31,-26.5095
3488.33,6.70435
3490.35,0.307129
3492.37,-5.61914
3494.39,-32.3179
3496.41,-34.9937
3498.42,-39.9509
